{
  "project_info": {
    "project_number": "956406262342",
    "project_id": "uas-1197050113",
    "storage_bucket": "uas-1197050113.appspot.com"
  },
  "client": [
    {
      "client_info": {
        "mobilesdk_app_id": "1:956406262342:android:135ad50531bef529053847",
        "android_client_info": {
          "package_name": "com.example.uas_1197050113"
        }
      },
      "oauth_client": [
        {
          "client_id": "956406262342-t8tlhoggemrm22ut4m9q57jnn7dpe0kt.apps.googleusercontent.com",
          "client_type": 3
        }
      ],
      "api_key": [
        {
          "current_key": "AIzaSyBvTX-s-rja9MJ8H8D3IrCwdHyI90DHGp8"
        }
      ],
      "services": {
        "appinvite_service": {
          "other_platform_oauth_client": [
            {
              "client_id": "956406262342-t8tlhoggemrm22ut4m9q57jnn7dpe0kt.apps.googleusercontent.com",
              "client_type": 3
            }
          ]
        }
      }
    }
  ],
  "configuration_version": "1"
}